x,y,z
668862,261.688,0.00958057
668861,261.688,0.00958057
668859,261.688,0.0100556
668858,261.688,0.0100556
668857,261.688,0.00921478
668856,261.688,0.00921478
668862,261.795,0.00885535
668861,261.795,0.00885535
668859,261.795,0.0101733
668858,261.795,0.0101733
668857,261.795,0.00891628
668856,261.795,0.00891628
668862,261.902,0.00992749
668861,261.902,0.00992749
668859,261.902,0.00973293
668858,261.902,0.00973293
668857,261.902,0.00941751
668856,261.902,0.00941751
668862,262.009,0.0089498
668861,262.009,0.0089498
668859,262.009,0.00959421
668858,262.009,0.00959421
668857,262.009,0.00910968
668856,262.01,0.00910968
668862,262.117,0.00975537
668861,262.117,0.00975537
668859,262.117,0.0102266
668858,262.117,0.0102266
668857,262.117,0.0103458
668856,262.117,0.0103458
668862,262.224,0.00929482
668861,262.224,0.00929482
668859,262.224,0.0103572
668858,262.224,0.0103572
668857,262.224,0.00986519
668856,262.224,0.00986519
668862,262.331,0.00840215
668861,262.331,0.00840215
668859,262.331,0.0107626
668858,262.331,0.0107626
668857,262.331,0.00928888
668856,262.331,0.00928888
668862,262.438,0.0116463
668861,262.438,0.0116463
668859,262.438,0.00968241
668858,262.438,0.00968241
668857,262.438,0.00862239
668856,262.439,0.00862239
668862,262.545,0.0133189
668861,262.545,0.0133189
668859,262.545,0.0130535
668858,262.545,0.0130535
668857,262.545,0.00822803
668856,262.546,0.00822803
668862,262.653,0.00875273
668861,262.653,0.00875273
668859,262.653,0.00898649
668858,262.653,0.00898649
668857,262.653,0.00916129
668856,262.653,0.00916129
668862,262.76,0.00923386
668861,262.76,0.00923386
668859,262.76,0.0122308
668858,262.76,0.0122308
668857,262.76,0.0102764
668856,262.76,0.0102764
668862,262.867,0.00927386
668861,262.867,0.00927386
668859,262.867,0.0117097
668858,262.867,0.0117097
668857,262.867,0.0131497
668856,262.867,0.0131497
668862,262.974,0.0105143
668861,262.975,0.0105143
668859,262.975,0.011248
668858,262.975,0.011248
668857,262.975,0.00931091
668856,262.975,0.00931091
668862,263.082,0.00886347
668861,263.082,0.00886347
668859,263.082,0.00937982
668858,263.082,0.00937982
668857,263.082,0.00953065
668856,263.082,0.00953065
668862,263.189,0.0121026
668861,263.189,0.0121026
668859,263.189,0.00942723
668858,263.189,0.00942723
668857,263.189,0.00907733
668856,263.189,0.00907733
668862,263.296,0.00824682
668861,263.296,0.00824682
668859,263.296,0.0123491
668858,263.296,0.0123491
668857,263.296,0.011737
668856,263.296,0.011737
668862,263.403,0.00995691
668861,263.403,0.00995691
668859,263.404,0.010723
668858,263.404,0.010723
668857,263.404,0.00987557
668856,263.404,0.00987557
668862,263.511,0.0111315
668861,263.511,0.0111315
668859,263.511,0.0097621
668858,263.511,0.0097621
668857,263.511,0.00995302
668856,263.511,0.00995302
668862,263.618,0.0101326
668861,263.618,0.0101326
668859,263.618,0.0098726
668858,263.618,0.0098726
668857,263.618,0.0115377
668856,263.618,0.0115377
668862,263.725,0.00995871
668861,263.725,0.00995871
668859,263.725,0.011265
668858,263.725,0.011265
668857,263.725,0.00988808
668856,263.725,0.00988808
668862,263.833,0.00825617
668861,263.833,0.00825617
668859,263.833,0.00986368
668858,263.833,0.00986368
668857,263.833,0.0101425
668856,263.833,0.0101425
668862,263.939,0.00934154
668861,263.939,0.00934154
668859,263.94,0.0116119
668858,263.94,0.0116119
668857,263.94,0.00840899
668856,263.94,0.00840899
668862,264.047,0.00972695
668861,264.047,0.00972695
668859,264.047,0.0129384
668858,264.047,0.0129384
668857,264.047,0.00849975
668856,264.047,0.00849975
668862,264.154,0.0173348
668861,264.154,0.0173348
668859,264.154,0.0116799
668858,264.154,0.0116799
668857,264.154,0.00854664
668856,264.154,0.00854664
668862,264.262,0.0100937
668861,264.262,0.0100937
668859,264.262,0.00823073
668858,264.262,0.00823073
668857,264.262,0.0208428
668856,264.262,0.0208428
668862,264.368,0.00902502
668861,264.368,0.00902502
668859,264.369,0.00932698
668858,264.369,0.00932698
668857,264.369,0.0186345
668856,264.369,0.0186345
668862,264.476,0.010754
668861,264.476,0.010754
668859,264.476,0.0106041
668858,264.476,0.0106041
668857,264.476,0.00847666
668856,264.476,0.00847666
668862,264.583,0.0121233
668861,264.583,0.0121233
668859,264.583,0.00861432
668858,264.583,0.00861432
668857,264.583,0.00906069
668856,264.583,0.00906069
668862,264.69,0.014578
668861,264.69,0.014578
668859,264.69,0.0107294
668858,264.691,0.0107294
668857,264.691,0.00822021
668856,264.691,0.00822021
668862,264.797,0.00813507
668861,264.797,0.00813507
668859,264.797,0.00943137
668858,264.798,0.00943137
668857,264.798,0.00818235
668856,264.798,0.00818235
668862,264.905,0.00883488
668861,264.905,0.00883488
668859,264.905,0.0127583
668858,264.905,0.0127583
668857,264.905,0.00833205
668856,264.905,0.00833205
668862,265.012,0.0158927
668861,265.012,0.0158927
668859,265.012,0.0118349
668858,265.012,0.0118349
668857,265.012,0.00800386
668856,265.012,0.00800386
668862,265.119,0.00795806
668861,265.119,0.00795806
668859,265.119,0.00845541
668858,265.12,0.00845541
668857,265.12,0.0106541
668856,265.12,0.0106541
668862,265.227,0.0101861
668861,265.227,0.0101861
668859,265.227,0.00810333
668858,265.227,0.00810333
668857,265.227,0.0228789
668856,265.227,0.0228789
668862,265.334,0.0137725
668861,265.334,0.0137725
668859,265.334,0.00807267
668858,265.334,0.00807267
668857,265.334,0.0130491
668856,265.334,0.0130491
668862,265.441,0.00800795
668861,265.441,0.00800795
668859,265.441,0.00971945
668858,265.441,0.00971945
668857,265.441,0.0112715
668856,265.441,0.0112715
668862,265.548,0.0122137
668861,265.548,0.0122137
668859,265.548,0.00836988
668858,265.548,0.00836988
668857,265.548,0.00824923
668856,265.548,0.00824923
668862,265.656,0.00799939
668861,265.656,0.00799939
668859,265.656,0.00989636
668858,265.656,0.00989636
668857,265.656,0.00847299
668856,265.656,0.00847299
668862,265.763,0.0095221
668861,265.763,0.0095221
668859,265.763,0.0123908
668858,265.763,0.0123908
668857,265.763,0.0103398
668856,265.763,0.0103398
668862,265.87,0.00802306
668861,265.87,0.00802306
668859,265.87,0.0133606
668858,265.87,0.0133606
668857,265.87,0.008417
668856,265.87,0.008417
668862,265.977,0.0129901
668861,265.977,0.0129901
668859,265.977,0.0117079
668858,265.977,0.0117079
668857,265.977,0.00974946
668856,265.977,0.00974946
668862,266.085,0.00809066
668861,266.085,0.00809066
668859,266.085,0.0240873
668858,266.085,0.0240873
668857,266.085,0.00854741
668856,266.085,0.00854741
668862,266.192,0.00985282
668861,266.192,0.00985282
668859,266.192,0.0103956
668858,266.192,0.0103956
668857,266.192,0.00957329
668856,266.192,0.00957329
668862,266.299,0.0104322
668861,266.299,0.0104322
668859,266.299,0.00738425
668858,266.299,0.00738425
668857,266.299,0.00729101
668856,266.299,0.00729101
668862,266.406,0.0101071
668861,266.406,0.0101071
668859,266.406,0.0139765
668858,266.406,0.0139765
668857,266.407,0.0073303
668856,266.407,0.0073303
668862,266.513,0.0103776
668861,266.513,0.0103776
668859,266.513,0.00806163
668858,266.513,0.00806163
668857,266.514,0.00737636
668856,266.514,0.00737636
668862,266.621,0.00905176
668861,266.621,0.00905176
668859,266.621,0.00884459
668858,266.621,0.00884459
668857,266.621,0.0104584
668856,266.621,0.0104584
668862,266.728,0.00888617
668861,266.728,0.00888617
668859,266.728,0.0131029
668858,266.728,0.0131029
668857,266.728,0.0102751
668856,266.729,0.0102751
668862,266.835,0.00953679
668861,266.835,0.00953679
668859,266.835,0.00818626
668858,266.835,0.00818626
668857,266.835,0.00955135
668856,266.836,0.00955135
668862,266.942,0.00811459
668861,266.942,0.00811459
668859,266.942,0.00801447
668858,266.942,0.00801447
668857,266.943,0.0128361
668856,266.943,0.0128361
668862,267.05,0.00809718
668861,267.05,0.00809718
668859,267.05,0.0088416
668858,267.05,0.0088416
668857,267.05,0.0257925
668856,267.05,0.0257925
668862,267.157,0.0145369
668861,267.157,0.0145369
668859,267.157,0.00742028
668858,267.157,0.00742028
668857,267.157,0.0125587
668856,267.157,0.0125587
668862,267.264,0.0120682
668861,267.264,0.0120682
668859,267.264,0.0100539
668858,267.264,0.0100539
668857,267.264,0.00966294
668856,267.265,0.00966294
668862,267.371,0.00889743
668861,267.372,0.00889743
668859,267.372,0.00875839
668858,267.372,0.00875839
668857,267.372,0.00976158
668856,267.372,0.00976158
668862,267.479,0.00732585
668861,267.479,0.00732585
668859,267.479,0.0098381
668858,267.479,0.0098381
668857,267.479,0.0103442
668856,267.479,0.0103442
668862,267.586,0.0103937
668861,267.586,0.0103937
668859,267.586,0.00841228
668858,267.586,0.00841228
668857,267.586,0.0107701
668856,267.586,0.0107701
668862,267.693,0.00864334
668861,267.693,0.00864334
668859,267.693,0.0100642
668858,267.693,0.0100642
668857,267.693,0.00839395
668856,267.694,0.00839395
668862,267.8,0.00926401
668861,267.801,0.00926401
668859,267.801,0.0104007
668858,267.801,0.0104007
668857,267.801,0.0152876
668856,267.801,0.0152876
668862,267.908,0.00917828
668861,267.908,0.00917828
668859,267.908,0.00693407
668858,267.908,0.00693407
668857,267.908,0.00810216
668856,267.908,0.00810216
668862,268.011,0.00752223
668861,268.011,0.00752223
668859,268.011,0.00918283
668858,268.011,0.00918283
668857,268.011,0.00871445
668856,268.011,0.00871445
668862,268.102,0.0137265
668861,268.102,0.0137265
668859,268.102,0.0105218
668858,268.102,0.0105218
668857,268.102,0.0131441
668856,268.102,0.0131441
668855,261.688,0.00875633
668855,261.688,0.00875633
668853,261.688,0.0269213
668852,261.688,0.0269213
668851,261.688,0.0104246
668850,261.688,0.0104246
668849,261.688,0.00795071
668848,261.688,0.00795071
668846,261.688,0.00835911
668845,261.688,0.00835911
668844,261.688,0.00755078
668843,261.688,0.00755078
668842,261.688,0.00833958
668841,261.689,0.00833958
668839,261.689,0.0157531
668855,261.795,0.0157531
668855,261.795,0.0116003
668853,261.795,0.0116003
668852,261.795,0.00810475
668851,261.795,0.00810475
668850,261.795,0.00906739
668849,261.795,0.00906739
668848,261.795,0.00819792
668846,261.795,0.00819792
668845,261.796,0.00844885
668844,261.796,0.00844885
668843,261.796,0.0067362
668842,261.796,0.0067362
668841,261.796,0.00810491
668839,261.796,0.00810491
668855,261.902,0.0109108
668855,261.902,0.0109108
668853,261.902,0.00974993
668852,261.902,0.00974993
668851,261.903,0.00695309
668850,261.903,0.00695309
668849,261.903,0.0103395
668848,261.903,0.0103395
668846,261.903,0.00888723
668845,261.903,0.00888723
668844,261.903,0.0120425
668843,261.903,0.0120425
668842,261.903,0.00764244
668841,261.903,0.00764244
668839,261.903,0.00902762
668855,262.01,0.00902762
668855,262.01,0.00874445
668853,262.01,0.00874445
668852,262.01,0.011123
668851,262.01,0.011123
668850,262.01,0.0106561
668849,262.01,0.0106561
668848,262.01,0.0103814
668846,262.01,0.0103814
668845,262.01,0.0161968
668844,262.01,0.0161968
668843,262.01,0.00736287
668842,262.01,0.00736287
668841,262.01,0.0126691
668839,262.01,0.0126691
668855,262.117,0.00792113
668855,262.117,0.00792113
668853,262.117,0.0107295
668852,262.117,0.0107295
668851,262.117,0.00922857
668850,262.117,0.00922857
668849,262.117,0.00891851
668848,262.117,0.00891851
668846,262.117,0.0107008
668845,262.117,0.0107008
668844,262.117,0.00773727
668843,262.117,0.00773727
668842,262.117,0.010845
668841,262.117,0.010845
668839,262.118,0.00834385
668855,262.224,0.00834385
668855,262.224,0.00775519
668853,262.224,0.00775519
668852,262.224,0.00836684
668851,262.224,0.00836684
668850,262.224,0.028384
668849,262.224,0.028384
668848,262.224,0.0211843
668846,262.224,0.0211843
668845,262.225,0.0083987
668844,262.225,0.0083987
668843,262.225,0.010555
668842,262.225,0.010555
668841,262.225,0.0084236
668839,262.225,0.0084236
668855,262.331,0.0108041
668855,262.331,0.0108041
668853,262.331,0.0127226
668852,262.331,0.0127226
668851,262.331,0.00863986
668850,262.332,0.00863986
668849,262.332,0.00989754
668848,262.332,0.00989754
668846,262.332,0.0103289
668845,262.332,0.0103289
668844,262.332,0.0146079
668843,262.332,0.0146079
668842,262.332,0.010743
668841,262.332,0.010743
668839,262.332,0.00628414
668855,262.439,0.00628414
668855,262.439,0.0215362
668853,262.439,0.0215362
668852,262.439,0.00842654
668851,262.439,0.00842654
668850,262.439,0.00768446
668849,262.439,0.00768446
668848,262.439,0.0162658
668846,262.439,0.0162658
668845,262.439,0.00985014
668844,262.439,0.00985014
668843,262.439,0.00868895
668842,262.439,0.00868895
668841,262.439,0.00852554
668839,262.439,0.00852554
668855,262.546,0.0099698
668855,262.546,0.0099698
668853,262.546,0.0211517
668852,262.546,0.0211517
668851,262.546,0.0097914
668850,262.546,0.0097914
668849,262.546,0.00867208
668848,262.546,0.00867208
668846,262.546,0.00824728
668845,262.546,0.00824728
668844,262.546,0.00858942
668843,262.546,0.00858942
668842,262.546,0.00801885
668841,262.546,0.00801885
668839,262.546,0.00824256
668855,262.653,0.00824256
668855,262.653,0.00917013
668853,262.653,0.00917013
668852,262.653,0.0116937
668851,262.653,0.0116937
668850,262.653,0.0223367
668849,262.653,0.0223367
668848,262.653,0.00897816
668846,262.653,0.00897816
668845,262.653,0.00715928
668844,262.654,0.00715928
668843,262.654,0.0068575
668842,262.654,0.0068575
668841,262.654,0.00647303
668839,262.654,0.00647303
668855,262.76,0.00828636
668855,262.76,0.00828636
668853,262.76,0.00976149
668852,262.76,0.00976149
668851,262.76,0.0096726
668850,262.761,0.0096726
668849,262.761,0.00814379
668848,262.761,0.00814379
668846,262.761,0.0127991
668845,262.761,0.0127991
668844,262.761,0.0213085
668843,262.761,0.0213085
668842,262.761,0.00996106
668841,262.761,0.00996106
668839,262.761,0.0123673
668855,262.868,0.0123673
668855,262.868,0.0293166
668853,262.868,0.0293166
668852,262.868,0.0140753
668851,262.868,0.0140753
668850,262.868,0.00812782
668849,262.868,0.00812782
668848,262.868,0.00945617
668846,262.868,0.00945617
668845,262.868,0.00995541
668844,262.868,0.00995541
668843,262.868,0.0163518
668842,262.868,0.0163518
668841,262.868,0.00823633
668839,262.868,0.00823633
668855,262.975,0.00818895
668855,262.975,0.00818895
668853,262.975,0.0105116
668852,262.975,0.0105116
668851,262.975,0.0114338
668850,262.975,0.0114338
668849,262.975,0.00780486
668848,262.975,0.00780486
668846,262.975,0.00982822
668845,262.975,0.00982822
668844,262.975,0.0112224
668843,262.975,0.0112224
668842,262.975,0.00780361
668841,262.975,0.00780361
668839,262.976,0.0117553
668855,263.082,0.0117553
668855,263.082,0.0105775
668853,263.082,0.0105775
668852,263.082,0.0108865
668851,263.082,0.0108865
668850,263.082,0.0104132
668849,263.082,0.0104132
668848,263.082,0.0240277
668846,263.082,0.0240277
668845,263.082,0.0115078
668844,263.083,0.0115078
668843,263.083,0.0148694
668842,263.083,0.0148694
668841,263.083,0.0122473
668839,263.083,0.0122473
668855,263.189,0.0081354
668855,263.189,0.0081354
668853,263.189,0.0114621
668852,263.189,0.0114621
668851,263.189,0.0113306
668850,263.19,0.0113306
668849,263.19,0.00859639
668848,263.19,0.00859639
668846,263.19,0.0213777
668845,263.19,0.0213777
668844,263.19,0.0105679
668843,263.19,0.0105679
668842,263.19,0.0109796
668841,263.19,0.0109796
668839,263.19,0.0177718
668855,263.297,0.0177718
668855,263.297,0.00916667
668853,263.297,0.00916667
668852,263.297,0.0313383
668851,263.297,0.0313383
668850,263.297,0.0170463
668849,263.297,0.0170463
668848,263.297,0.0110921
668846,263.297,0.0110921
668845,263.297,0.0117632
668844,263.297,0.0117632
668843,263.297,0.0111496
668842,263.297,0.0111496
668841,263.297,0.016372
668839,263.297,0.016372
668855,263.404,0.0106394
668855,263.404,0.0106394
668853,263.404,0.0110906
668852,263.404,0.0110906
668851,263.404,0.0116173
668850,263.404,0.0116173
668849,263.404,0.00742965
668848,263.404,0.00742965
668846,263.404,0.0205312
668845,263.404,0.0205312
668844,263.404,0.0113439
668843,263.404,0.0113439
668842,263.404,0.0115484
668841,263.404,0.0115484
668839,263.404,0.0165236
668855,263.511,0.0165236
668855,263.511,0.00853869
668853,263.511,0.00853869
668852,263.511,0.0111902
668851,263.511,0.0111902
668850,263.511,0.0147989
668849,263.511,0.0147989
668848,263.511,0.0164812
668846,263.511,0.0164812
668845,263.511,0.00675383
668844,263.512,0.00675383
668843,263.512,0.011031
668842,263.512,0.011031
668841,263.512,0.018854
668839,263.512,0.018854
668855,263.618,0.00884208
668855,263.618,0.00884208
668853,263.618,0.0113213
668852,263.618,0.0113213
668851,263.618,0.013042
668850,263.618,0.013042
668849,263.619,0.007206
668848,263.619,0.007206
668846,263.619,0.00757971
668845,263.619,0.00757971
668844,263.619,0.00936482
668843,263.619,0.00936482
668842,263.619,0.0107852
668841,263.619,0.0107852
668839,263.619,0.0072321
668855,263.725,0.0072321
668855,263.726,0.0109627
668853,263.726,0.0109627
668852,263.726,0.012657
668851,263.726,0.012657
668850,263.726,0.0155959
668849,263.726,0.0155959
668848,263.726,0.0107449
668846,263.726,0.0107449
668845,263.726,0.00723459
668844,263.726,0.00723459
668843,263.726,0.0106092
668842,263.726,0.0106092
668841,263.726,0.0159872
668839,263.726,0.0159872
668855,263.833,0.0266496
668855,263.833,0.0266496
668853,263.833,0.0341507
668852,263.833,0.0341507
668851,263.833,0.0321856
668850,263.833,0.0321856
668849,263.833,0.0171664
668848,263.833,0.0171664
668846,263.833,0.0157405
668845,263.833,0.0157405
668844,263.833,0.0108676
668843,263.834,0.0108676
668842,263.834,0.0146345
668841,263.834,0.0146345
668839,263.834,0.0355538
668855,263.94,0.0355538
668855,263.94,0.0108642
668853,263.94,0.0108642
668852,263.94,0.0082107
668851,263.94,0.0082107
668850,263.94,0.0077917
668849,263.94,0.0077917
668848,263.94,0.0109803
668846,263.94,0.0109803
668845,263.94,0.0352724
668844,263.94,0.0352724
668843,263.94,0.0103519
668842,263.94,0.0103519
668841,263.94,0.0108931
668839,263.94,0.0108931
668855,264.047,0.0171433
668855,264.047,0.0171433
668853,264.047,0.00679835
668852,264.047,0.00679835
668851,264.047,0.00716204
668850,264.047,0.00716204
668849,264.048,0.0109005
668848,264.048,0.0109005
668846,264.048,0.0104256
668845,264.048,0.0104256
668844,264.048,0.0335822
668843,264.048,0.0335822
668842,264.048,0.0110635
668841,264.048,0.0110635
668839,264.048,0.00674463
668855,264.154,0.00674463
668855,264.154,0.0171193
668853,264.155,0.0171193
668852,264.155,0.0275652
668851,264.155,0.0275652
668850,264.155,0.0363183
668849,264.155,0.0363183
668848,264.155,0.0089467
668846,264.155,0.0089467
668845,264.155,0.016946
668844,264.155,0.016946
668843,264.155,0.0112577
668842,264.155,0.0112577
668841,264.155,0.00997364
668839,264.155,0.00997364
668855,264.262,0.0186442
668855,264.262,0.0186442
668853,264.262,0.0069756
668852,264.262,0.0069756
668851,264.262,0.00746417
668850,264.262,0.00746417
668849,264.262,0.0108699
668848,264.262,0.0108699
668846,264.262,0.02027
668845,264.262,0.02027
668844,264.262,0.0118064
668843,264.263,0.0118064
668842,264.263,0.0127267
668841,264.263,0.0127267
668839,264.263,0.00996885
668855,264.369,0.00996885
668855,264.369,0.0114418
668853,264.369,0.0114418
668852,264.369,0.00961829
668851,264.369,0.00961829
668850,264.369,0.0124595
668849,264.369,0.0124595
668848,264.369,0.0235861
668846,264.369,0.0235861
668845,264.369,0.00996691
668844,264.369,0.00996691
668843,264.369,0.0356657
668842,264.369,0.0356657
668841,264.369,0.0113334
668839,264.369,0.0113334
668855,264.476,0.031269
668855,264.476,0.031269
668853,264.476,0.0359777
668852,264.476,0.0359777
668851,264.476,0.012511
668850,264.476,0.012511
668849,264.476,0.00968251
668848,264.476,0.00968251
668846,264.476,0.0212381
668845,264.476,0.0212381
668844,264.476,0.0113443
668843,264.477,0.0113443
668842,264.477,0.00844018
668841,264.477,0.00844018
668839,264.477,0.0105271
668855,264.583,0.0105271
668855,264.583,0.0127621
668853,264.584,0.0127621
668852,264.584,0.0303263
668851,264.584,0.0303263
668850,264.584,0.0105269
668849,264.584,0.0105269
668848,264.584,0.0117565
668846,264.584,0.0117565
668845,264.584,0.0105143
668844,264.584,0.0105143
668843,264.584,0.015867
668842,264.584,0.015867
668841,264.584,0.0103808
668839,264.584,0.0103808
668855,264.691,0.0119383
668855,264.691,0.0119383
668853,264.691,0.0120581
668852,264.691,0.0120581
668851,264.691,0.00926303
668850,264.691,0.00926303
668849,264.691,0.0107338
668848,264.691,0.0107338
668846,264.691,0.0110474
668845,264.691,0.0110474
668844,264.691,0.0120828
668843,264.691,0.0120828
668842,264.691,0.0108624
668841,264.691,0.0108624
668839,264.691,0.0154759
668855,264.798,0.0154759
668855,264.798,0.0121186
668853,264.798,0.0121186
668852,264.798,0.0111005
668851,264.798,0.0111005
668850,264.798,0.00664697
668849,264.798,0.00664697
668848,264.798,0.0223271
668846,264.798,0.0223271
668845,264.798,0.00701067
668844,264.798,0.00701067
668843,264.798,0.0123161
668842,264.798,0.0123161
668841,264.798,0.0109892
668839,264.798,0.0109892
668855,264.905,0.0126104
668855,264.905,0.0126104
668853,264.905,0.0261116
668852,264.905,0.0261116
668851,264.905,0.012636
668850,264.905,0.012636
668849,264.905,0.0293627
668848,264.906,0.0293627
668846,264.906,0.0122359
668845,264.906,0.0122359
668844,264.906,0.012628
668843,264.906,0.012628
668842,264.906,0.0126838
668841,264.906,0.0126838
668839,264.906,0.0381777
668855,265.012,0.0381777
668855,265.012,0.0118347
668853,265.012,0.0118347
668852,265.013,0.0128242
668851,265.013,0.0128242
668850,265.013,0.0120133
668849,265.013,0.0120133
668848,265.013,0.0126329
668846,265.013,0.0126329
668845,265.013,0.0284447
668844,265.013,0.0284447
668843,265.013,0.015057
668842,265.013,0.015057
668841,265.013,0.0122154
668839,265.013,0.0122154
668855,265.12,0.00646203
668855,265.12,0.00646203
668853,265.12,0.0118951
668852,265.12,0.0118951
668851,265.12,0.0116608
668850,265.12,0.0116608
668849,265.12,0.0133402
668848,265.12,0.0133402
668846,265.12,0.0279585
668845,265.12,0.0279585
668844,265.12,0.0126142
668843,265.12,0.0126142
668842,265.12,0.0117356
668841,265.12,0.0117356
668839,265.12,0.010988
668855,265.227,0.010988
668855,265.227,0.0106957
668853,265.227,0.0106957
668852,265.227,0.0109086
668851,265.227,0.0109086
668850,265.227,0.0250281
668849,265.227,0.0250281
668848,265.227,0.011553
668846,265.227,0.011553
668845,265.227,0.0121813
668844,265.227,0.0121813
668843,265.227,0.0114425
668842,265.228,0.0114425
668841,265.228,0.0118668
668839,265.228,0.0118668
668855,265.334,0.0140079
668855,265.334,0.0140079
668853,265.334,0.011515
668852,265.334,0.011515
668851,265.334,0.0118922
668850,265.334,0.0118922
668849,265.334,0.0121314
668848,265.335,0.0121314
668846,265.335,0.0117366
668845,265.335,0.0117366
668844,265.335,0.0119625
668843,265.335,0.0119625
668842,265.335,0.0109607
668841,265.335,0.0109607
668839,265.335,0.0357737
668855,265.441,0.0357737
668855,265.441,0.0224855
668853,265.441,0.0224855
668852,265.442,0.0107072
668851,265.442,0.0107072
668850,265.442,0.0408137
668849,265.442,0.0408137
668848,265.442,0.0117395
668846,265.442,0.0117395
668845,265.442,0.0119827
668844,265.442,0.0119827
668843,265.442,0.0107966
668842,265.442,0.0107966
668841,265.442,0.00768505
668839,265.442,0.00768505
668855,265.548,0.0105035
668855,265.548,0.0105035
668853,265.548,0.00811911
668852,265.549,0.00811911
668851,265.549,0.0402846
668850,265.549,0.0402846
668849,265.549,0.0106045
668848,265.549,0.0106045
668846,265.549,0.031527
668845,265.549,0.031527
668844,265.549,0.00586224
668843,265.549,0.00586224
668842,265.549,0.010364
668841,265.549,0.010364
668839,265.549,0.0115188
668855,265.656,0.0115188
668855,265.656,0.00838955
668853,265.656,0.00838955
668852,265.656,0.0349384
668851,265.656,0.0349384
668850,265.656,0.0248025
668849,265.656,0.0248025
668848,265.656,0.0346206
668846,265.657,0.0346206
668845,265.657,0.0345202
668844,265.657,0.0345202
668843,265.657,0.0231981
668842,265.657,0.0231981
668841,265.657,0.0103093
668839,265.657,0.0103093
668855,265.763,0.0114341
668855,265.763,0.0114341
668853,265.763,0.0113626
668852,265.764,0.0113626
668851,265.764,0.011487
668850,265.764,0.011487
668849,265.764,0.033776
668848,265.764,0.033776
668846,265.764,0.0138138
668845,265.764,0.0138138
668844,265.764,0.00989329
668843,265.764,0.00989329
668842,265.764,0.0337331
668841,265.764,0.0337331
668839,265.764,0.0138132
668855,265.87,0.0138132
668855,265.87,0.0123834
668853,265.87,0.0123834
668852,265.87,0.0101242
668851,265.87,0.0101242
668850,265.87,0.00704649
668849,265.87,0.00704649
668848,265.87,0.0101721
668846,265.871,0.0101721
668845,265.871,0.0115001
668844,265.871,0.0115001
668843,265.871,0.00591232
668842,265.871,0.00591232
668841,265.871,0.0106995
668839,265.871,0.0106995
668855,265.977,0.0374613
668855,265.977,0.0374613
668853,265.977,0.0116749
668852,265.978,0.0116749
668851,265.978,0.0118054
668850,265.978,0.0118054
668849,265.978,0.010765
668848,265.978,0.010765
668846,265.978,0.0305428
668845,265.978,0.0305428
668844,265.978,0.00709289
668843,265.978,0.00709289
668842,265.978,0.0332402
668841,265.978,0.0332402
668839,265.978,0.00982442
668855,266.085,0.00982442
668855,266.085,0.0125434
668853,266.085,0.0125434
668852,266.085,0.0447093
668851,266.085,0.0447093
668850,266.085,0.0111052
668849,266.085,0.0111052
668848,266.085,0.0105981
668846,266.085,0.0105981
668845,266.085,0.0102451
668844,266.085,0.0102451
668843,266.085,0.035402
668842,266.085,0.035402
668841,266.086,0.0112826
668839,266.086,0.0112826
668855,266.192,0.0212389
668855,266.192,0.0212389
668853,266.192,0.00994118
668852,266.192,0.00994118
668851,266.192,0.0113762
668850,266.192,0.0113762
668849,266.192,0.0113703
668848,266.192,0.0113703
668846,266.193,0.0308287
668845,266.193,0.0308287
668844,266.193,0.0120467
668843,266.193,0.0120467
668842,266.193,0.018862
668841,266.193,0.018862
668839,266.193,0.011251
668855,266.299,0.011251
668855,266.299,0.0114184
668853,266.299,0.0114184
668852,266.299,0.0319955
668851,266.299,0.0319955
668850,266.299,0.0109522
668849,266.299,0.0109522
668848,266.299,0.0106059
668846,266.3,0.0106059
668845,266.3,0.0100482
668844,266.3,0.0100482
668843,266.3,0.0100745
668842,266.3,0.0100745
668841,266.3,0.00998539
668839,266.3,0.00998539
668855,266.407,0.014351
668855,266.407,0.014351
668853,266.407,0.0097976
668852,266.407,0.0097976
668851,266.407,0.00942182
668850,266.407,0.00942182
668849,266.407,0.00954271
668848,266.407,0.00954271
668846,266.407,0.00971365
668845,266.407,0.00971365
668844,266.407,0.0120247
668843,266.407,0.0120247
668842,266.407,0.00934945
668841,266.407,0.00934945
668839,266.407,0.00642541
668855,266.514,0.00642541
668855,266.514,0.00949142
668853,266.514,0.00949142
668852,266.514,0.0129041
668851,266.514,0.0129041
668850,266.514,0.0118103
668849,266.514,0.0118103
668848,266.514,0.00542457
668846,266.514,0.00542457
668845,266.514,0.0099751
668844,266.514,0.0099751
668843,266.514,0.0100109
668842,266.514,0.0100109
668841,266.514,0.0108584
668839,266.514,0.0108584
668855,266.621,0.00531252
668855,266.621,0.00531252
668853,266.621,0.0303596
668852,266.621,0.0303596
668851,266.621,0.0439104
668850,266.621,0.0439104
668849,266.621,0.00651321
668848,266.621,0.00651321
668846,266.621,0.0131293
668845,266.622,0.0131293
668844,266.622,0.0114653
668843,266.622,0.0114653
668842,266.622,0.0318949
668841,266.622,0.0318949
668839,266.622,0.0143324
668855,266.729,0.0143324
668855,266.729,0.0449143
668853,266.729,0.0449143
668852,266.729,0.00903222
668851,266.729,0.00903222
668850,266.729,0.00936611
668849,266.729,0.00936611
668848,266.729,0.0199485
668846,266.729,0.0199485
668845,266.729,0.0117755
668844,266.729,0.0117755
668843,266.729,0.0297322
668842,266.729,0.0297322
668841,266.729,0.0488216
668839,266.729,0.0488216
668855,266.836,0.00978343
668855,266.836,0.00978343
668853,266.836,0.0431524
668852,266.836,0.0431524
668851,266.836,0.0107997
668850,266.836,0.0107997
668849,266.836,0.043022
668848,266.836,0.043022
668846,266.836,0.0414035
668845,266.836,0.0414035
668844,266.836,0.0122117
668843,266.836,0.0122117
668842,266.836,0.00581164
668841,266.836,0.00581164
668839,266.836,0.0291352
668855,266.943,0.0291352
668855,266.943,0.00495646
668853,266.943,0.00495646
668852,266.943,0.00495329
668851,266.943,0.00495329
668850,266.943,0.0286377
668849,266.943,0.0286377
668848,266.943,0.0459278
668846,266.943,0.0459278
668845,266.943,0.0148164
668844,266.943,0.0148164
668843,266.943,0.0127262
668842,266.943,0.0127262
668841,266.943,0.0143648
668839,266.943,0.0143648
668855,267.05,0.0139878
668855,267.05,0.0139878
668853,267.05,0.0127232
668852,267.05,0.0127232
668851,267.05,0.0104852
668850,267.05,0.0104852
668849,267.05,0.0135358
668848,267.05,0.0135358
668846,267.05,0.0100386
668845,267.051,0.0100386
668844,267.051,0.0153154
668843,267.051,0.0153154
668842,267.051,0.0322306
668841,267.051,0.0322306
668839,267.051,0.0122073
668855,267.157,0.0122073
668855,267.157,0.0458904
668853,267.157,0.0458904
668852,267.157,0.0153867
668851,267.158,0.0153867
668850,267.158,0.0149339
668849,267.158,0.0149339
668848,267.158,0.0148839
668846,267.158,0.0148839
668845,267.158,0.014287
668844,267.158,0.014287
668843,267.158,0.0143846
668842,267.158,0.0143846
668841,267.158,0.00886995
668839,267.158,0.00886995
668855,267.265,0.0456265
668855,267.265,0.0456265
668853,267.265,0.0188881
668852,267.265,0.0188881
668851,267.265,0.0138497
668850,267.265,0.0138497
668849,267.265,0.0137336
668848,267.265,0.0137336
668846,267.265,0.00594933
668845,267.265,0.00594933
668844,267.265,0.00915093
668843,267.265,0.00915093
668842,267.265,0.0120384
668841,267.265,0.0120384
668839,267.265,0.0126646
668855,267.372,0.0126646
668855,267.372,0.0120312
668853,267.372,0.0120312
668852,267.372,0.0186511
668851,267.372,0.0186511
668850,267.372,0.0130457
668849,267.372,0.0130457
668848,267.372,0.0553249
668846,267.372,0.0553249
668845,267.372,0.0131488
668844,267.372,0.0131488
668843,267.372,0.00935526
668842,267.372,0.00935526
668841,267.372,0.0282426
668839,267.373,0.0282426
668855,267.479,0.0137596
668855,267.479,0.0137596
668853,267.479,0.0463624
668852,267.479,0.0463624
668851,267.479,0.011701
668850,267.479,0.011701
668849,267.479,0.0444177
668848,267.479,0.0444177
668846,267.479,0.0338785
668845,267.48,0.0338785
668844,267.48,0.00470307
668843,267.48,0.00470307
668842,267.48,0.00523168
668841,267.48,0.00523168
668839,267.48,0.0591195
668855,267.586,0.0591195
668855,267.586,0.0114881
668853,267.586,0.0114881
668852,267.586,0.00449875
668851,267.586,0.00449875
668850,267.587,0.0108995
668849,267.587,0.0108995
668848,267.587,0.0156926
668846,267.587,0.0156926
668845,267.587,0.0164559
668844,267.587,0.0164559
668843,267.587,0.0109419
668842,267.587,0.0109419
668841,267.587,0.00920727
668839,267.587,0.00920727
668855,267.694,0.0125052
668855,267.694,0.0125052
668853,267.694,0.0115028
668852,267.694,0.0115028
668851,267.694,0.0120315
668850,267.694,0.0120315
668849,267.694,0.0127119
668848,267.694,0.0127119
668846,267.694,0.0127116
668845,267.694,0.0127116
668844,267.694,0.0429229
668843,267.694,0.0429229
668842,267.694,0.0112198
668841,267.694,0.0112198
668839,267.694,0.00761988
668855,267.801,0.00761988
668855,267.801,0.0129129
668853,267.801,0.0129129
668852,267.801,0.0107822
668851,267.801,0.0107822
668850,267.801,0.0100794
668849,267.801,0.0100794
668848,267.801,0.0180871
668846,267.801,0.0180871
668845,267.801,0.00818037
668844,267.801,0.00818037
668843,267.801,0.0117012
668842,267.801,0.0117012
668841,267.801,0.0502049
668839,267.802,0.0502049
668855,267.908,0.0265898
668855,267.908,0.0265898
668853,267.908,0.0173067
668852,267.908,0.0173067
668851,267.908,0.0117664
668850,267.908,0.0117664
668849,267.908,0.00536952
668848,267.908,0.00536952
668846,267.908,0.0108729
668845,267.908,0.0108729
668844,267.909,0.0128092
668843,267.909,0.0128092
668842,267.909,0.0105678
668841,267.909,0.0105678
668839,267.909,0.0110215
668855,268.012,0.0110215
668855,268.012,0.0125299
668853,268.012,0.0125299
668852,268.012,0.0107034
668851,268.012,0.0107034
668850,268.012,0.012332
668849,268.012,0.012332
668848,268.012,0.0131625
668846,268.012,0.0131625
668845,268.013,0.0108032
668844,268.013,0.0108032
668843,268.013,0.0117924
668842,268.013,0.0117924
668841,268.013,0.0122871
668839,268.013,0.0122871
668855,268.102,0.00442432
668855,268.102,0.00442432
668853,268.103,0.0632383
668852,268.103,0.0632383
668851,268.103,0.0124801
668850,268.103,0.0124801
668849,268.103,0.0123735
668848,268.103,0.0123735
668846,268.103,0.0363512
668845,268.103,0.0363512
668844,268.104,0.0106293
668843,268.104,0.0106293
668842,268.104,0.0131339
668841,268.104,0.0131339
668839,268.104,0.0119008
668839,261.689,0.0119008
668838,261.689,0.0131971
668837,261.689,0.0131971
668836,261.689,0.0111817
668835,261.689,0.0111817
668833,261.689,0.0109773
668832,261.689,0.0109773
668831,261.689,0.00465831
668830,261.689,0.00465831
668829,261.689,0.0127125
668828,261.689,0.0127125
668826,261.689,0.0104469
668825,261.689,0.0104469
668824,261.689,0.0235085
668823,261.689,0.0235085
668822,261.689,0.00404159
668839,261.796,0.00404159
668838,261.796,0.043788
668837,261.796,0.043788
668836,261.796,0.0134281
668835,261.796,0.0134281
668833,261.796,0.010763
668832,261.796,0.010763
668831,261.796,0.00756567
668830,261.796,0.00756567
668829,261.796,0.0250128
668828,261.796,0.0250128
668826,261.796,0.012492
668825,261.796,0.012492
668824,261.797,0.00951287
668823,261.797,0.00951287
668822,261.797,0.011282
668839,261.903,0.011282
668838,261.903,0.0279955
668837,261.903,0.0279955
668836,261.903,0.0116011
668835,261.903,0.0116011
668833,261.903,0.0108308
668832,261.903,0.0108308
668831,261.903,0.0129403
668830,261.904,0.0129403
668829,261.904,0.0143839
668828,261.904,0.0143839
668826,261.904,0.0100355
668825,261.904,0.0100355
668824,261.904,0.00834071
668823,261.904,0.00834071
668822,261.904,0.0123418
668839,262.01,0.0123418
668838,262.01,0.0116725
668837,262.01,0.0116725
668836,262.01,0.0124525
668835,262.011,0.0124525
668833,262.011,0.0082394
668832,262.011,0.0082394
668831,262.011,0.0114262
668830,262.011,0.0114262
668829,262.011,0.00971248
668828,262.011,0.00971248
668826,262.011,0.0132784
668825,262.011,0.0132784
668824,262.011,0.0114371
668823,262.011,0.0114371
668822,262.011,0.0274421
668839,262.118,0.0274421
668838,262.118,0.0221106
668837,262.118,0.0221106
668836,262.118,0.0418459
668835,262.118,0.0418459
668833,262.118,0.0520968
668832,262.118,0.0520968
668831,262.118,0.0158571
668830,262.118,0.0158571
668829,262.118,0.040422
668828,262.118,0.040422
668826,262.118,0.00938116
668825,262.118,0.00938116
668824,262.118,0.00909899
668823,262.118,0.00909899
668822,262.118,0.004102
668839,262.225,0.004102
668838,262.225,0.00944234
668837,262.225,0.00944234
668836,262.225,0.0126929
668835,262.225,0.0126929
668833,262.225,0.0139349
668832,262.225,0.0139349
668831,262.225,0.00473996
668830,262.225,0.00473996
668829,262.225,0.0133198
668828,262.225,0.0133198
668826,262.225,0.0735506
668825,262.225,0.0735506
668824,262.226,0.0180875
668823,262.226,0.0180875
668822,262.226,0.00934337
668839,262.332,0.00934337
668838,262.332,0.00913298
668837,262.332,0.00913298
668836,262.332,0.00954413
668835,262.332,0.00954413
668833,262.332,0.0142247
668832,262.332,0.0142247
668831,262.332,0.00668907
668830,262.332,0.00668907
668829,262.333,0.0167
668828,262.333,0.0167
668826,262.333,0.0143496
668825,262.333,0.0143496
668824,262.333,0.0101821
668823,262.333,0.0101821
668822,262.333,0.0142074
668839,262.439,0.0142074
668838,262.439,0.0563508
668837,262.439,0.0563508
668836,262.439,0.00994498
668835,262.44,0.00994498
668833,262.44,0.00756311
668832,262.44,0.00756311
668831,262.44,0.0572945
668830,262.44,0.0572945
668829,262.44,0.00991972
668828,262.44,0.00991972
668826,262.44,0.0207352
668825,262.44,0.0207352
668824,262.44,0.00410251
668823,262.44,0.00410251
668822,262.44,0.0134406
668839,262.546,0.0134406
668838,262.546,0.0559817
668837,262.546,0.0559817
668836,262.546,0.0144836
668835,262.547,0.0144836
668833,262.547,0.0099178
668832,262.547,0.0099178
668831,262.547,0.00357283
668830,262.547,0.00357283
668829,262.547,0.0396928
668828,262.547,0.0396928
668826,262.547,0.0139621
668825,262.547,0.0139621
668824,262.547,0.00851178
668823,262.547,0.00851178
668822,262.547,0.058291
668839,262.654,0.058291
668838,262.654,0.0103981
668837,262.654,0.0103981
668836,262.654,0.0102247
668835,262.654,0.0102247
668833,262.654,0.0113614
668832,262.654,0.0113614
668831,262.654,0.0581226
668830,262.654,0.0581226
668829,262.654,0.00827339
668828,262.654,0.00827339
668826,262.654,0.0142682
668825,262.654,0.0142682
668824,262.654,0.0156578
668823,262.655,0.0156578
668822,262.655,0.00738812
668839,262.761,0.00738812
668838,262.761,0.0125406
668837,262.761,0.0125406
668836,262.761,0.0103642
668835,262.761,0.0103642
668833,262.761,0.00824469
668832,262.761,0.00824469
668831,262.761,0.00897085
668830,262.761,0.00897085
668829,262.762,0.0108459
668828,262.762,0.0108459
668826,262.762,0.0587114
668825,262.762,0.0587114
668824,262.762,0.0168499
668823,262.762,0.0168499
668822,262.762,0.0138254
668839,262.868,0.0138254
668838,262.868,0.0111731
668837,262.868,0.0111731
668836,262.868,0.0107449
668835,262.868,0.0107449
668833,262.869,0.0193129
668832,262.869,0.0193129
668831,262.869,0.0106428
668830,262.869,0.0106428
668829,262.869,0.0108968
668828,262.869,0.0108968
668826,262.869,0.012681
668825,262.869,0.012681
668824,262.869,0.013137
668823,262.869,0.013137
668822,262.869,0.0142085
668839,262.976,0.0142085
668838,262.976,0.0132454
668837,262.976,0.0132454
668836,262.976,0.0105517
668835,262.976,0.0105517
668833,262.976,0.0586623
668832,262.976,0.0586623
668831,262.976,0.0130561
668830,262.976,0.0130561
668829,262.976,0.0146553
668828,262.976,0.0146553
668826,262.976,0.00372453
668825,262.976,0.00372453
668824,262.976,0.0118562
668823,262.976,0.0118562
668822,262.976,0.0641302
668839,263.083,0.0641302
668838,263.083,0.0373187
668837,263.083,0.0373187
668836,263.083,0.0130085
668835,263.083,0.0130085
668833,263.083,0.0147238
668832,263.083,0.0147238
668831,263.083,0.0565974
668830,263.083,0.0565974
668829,263.083,0.013289
668828,263.083,0.013289
668826,263.083,0.0611563
668825,263.083,0.0611563
668824,263.083,0.0590886
668823,263.084,0.0590886
668822,263.084,0.0183175
668839,263.19,0.0183175
668838,263.19,0.0102049
668837,263.19,0.0102049
668836,263.19,0.0127723
668835,263.19,0.0127723
668833,263.19,0.016423
668832,263.19,0.016423
668831,263.19,0.0559848
668830,263.19,0.0559848
668829,263.19,0.00956069
668828,263.191,0.00956069
668826,263.191,0.0594084
668825,263.191,0.0594084
668824,263.191,0.0257808
668823,263.191,0.0257808
668822,263.191,0.0264609
668839,263.297,0.0264609
668838,263.297,0.0126078
668837,263.297,0.0126078
668836,263.297,0.00402673
668835,263.297,0.00402673
668833,263.298,0.00744807
668832,263.298,0.00744807
668831,263.298,0.017778
668830,263.298,0.017778
668829,263.298,0.017774
668828,263.298,0.017774
668826,263.298,0.055773
668825,263.298,0.055773
668824,263.298,0.00679707
668823,263.298,0.00679707
668822,263.298,0.00858202
668839,263.404,0.00858202
668838,263.405,0.00350441
668837,263.405,0.00350441
668836,263.405,0.00923477
668835,263.405,0.00923477
668833,263.405,0.0350866
668832,263.405,0.0350866
668831,263.405,0.0610834
668830,263.405,0.0610834
668829,263.405,0.0128423
668828,263.405,0.0128423
668826,263.405,0.0666121
668825,263.405,0.0666121
668824,263.405,0.0668565
668823,263.405,0.0668565
668822,263.405,0.00306124
668839,263.512,0.00306124
668838,263.512,0.00730388
668837,263.512,0.00730388
668836,263.512,0.0158761
668835,263.512,0.0158761
668833,263.512,0.00924025
668832,263.512,0.00924025
668831,263.512,0.00731282
668830,263.512,0.00731282
668829,263.512,0.0565182
668828,263.512,0.0565182
668826,263.512,0.0125043
668825,263.512,0.0125043
668824,263.512,0.0588791
668823,263.513,0.0588791
668822,263.513,0.00550725
668839,263.619,0.00550725
668838,263.619,0.0185291
668837,263.619,0.0185291
668836,263.619,0.00628202
668835,263.619,0.00628202
668833,263.619,0.00794906
668832,263.619,0.00794906
668831,263.619,0.0121608
668830,263.619,0.0121608
668829,263.619,0.0715888
668828,263.62,0.0715888
668826,263.62,0.0112356
668825,263.62,0.0112356
668824,263.62,0.00847493
668823,263.62,0.00847493
668822,263.62,0.00786426
668839,263.726,0.00786426
668838,263.726,0.0192621
668837,263.726,0.0192621
668836,263.726,0.070537
668835,263.726,0.070537
668833,263.726,0.00749429
668832,263.727,0.00749429
668831,263.727,0.0317366
668830,263.727,0.0317366
668829,263.727,0.016111
668828,263.727,0.016111
668826,263.727,0.0122155
668825,263.727,0.0122155
668824,263.727,0.0032431
668823,263.727,0.0032431
668822,263.727,0.0146444
668839,263.834,0.0146444
668838,263.834,0.0141721
668837,263.834,0.0141721
668836,263.834,0.0134058
668835,263.834,0.0134058
668833,263.834,0.0144566
668832,263.834,0.0144566
668831,263.834,0.0133031
668830,263.834,0.0133031
668829,263.834,0.0126575
668828,263.834,0.0126575
668826,263.834,0.0585428
668825,263.834,0.0585428
668824,263.834,0.0118474
668823,263.834,0.0118474
668822,263.835,0.0131306
668839,263.94,0.0131306
668838,263.941,0.0257397
668837,263.941,0.0257397
668836,263.941,0.0621545
668835,263.941,0.0621545
668833,263.941,0.0129497
668832,263.941,0.0129497
668831,263.941,0.0134228
668830,263.941,0.0134228
668829,263.941,0.0106817
668828,263.941,0.0106817
668826,263.941,0.00991214
668825,263.941,0.00991214
668824,263.941,0.00547333
668823,263.941,0.00547333
668822,263.941,0.00997853
668839,264.048,0.00997853
668838,264.048,0.00922812
668837,264.048,0.00922812
668836,264.048,0.0131159
668835,264.048,0.0131159
668833,264.048,0.00567133
668832,264.048,0.00567133
668831,264.048,0.0155162
668830,264.048,0.0155162
668829,264.048,0.0105088
668828,264.049,0.0105088
668826,264.049,0.0100145
668825,264.049,0.0100145
668824,264.049,0.00646094
668823,264.049,0.00646094
668822,264.049,0.0123081
668839,264.155,0.0123081
668838,264.155,0.0104905
668837,264.155,0.0104905
668836,264.155,0.029314
668835,264.155,0.029314
668833,264.155,0.0832065
668832,264.156,0.0832065
668831,264.156,0.00706389
668830,264.156,0.00706389
668829,264.156,0.0105227
668828,264.156,0.0105227
668826,264.156,0.00930599
668825,264.156,0.00930599
668824,264.156,0.0594086
668823,264.156,0.0594086
668822,264.156,0.00995434
668839,264.263,0.00995434
668838,264.263,0.0106098
668837,264.263,0.0106098
668836,264.263,0.00752021
668835,264.263,0.00752021
668833,264.263,0.00959075
668832,264.263,0.00959075
668831,264.263,0.00991142
668830,264.263,0.00991142
668829,264.263,0.00884103
668828,264.263,0.00884103
668826,264.263,0.0108917
668825,264.263,0.0108917
668824,264.263,0.00957446
668823,264.263,0.00957446
668822,264.264,0.00926103
668839,264.369,0.00926103
668838,264.369,0.00981601
668837,264.37,0.00981601
668836,264.37,0.00917085
668835,264.37,0.00917085
668833,264.37,0.0102161
668832,264.37,0.0102161
668831,264.37,0.0887975
668830,264.37,0.0887975
668829,264.37,0.00613177
668828,264.37,0.00613177
668826,264.37,0.0612454
668825,264.37,0.0612454
668824,264.37,0.0115136
668823,264.37,0.0115136
668822,264.37,0.00973485
668839,264.477,0.00973485
668838,264.477,0.00283392
668837,264.477,0.00283392
668836,264.477,0.0098358
668835,264.477,0.0098358
668833,264.477,0.010357
668832,264.477,0.010357
668831,264.477,0.00674326
668830,264.477,0.00674326
668829,264.477,0.00980391
668828,264.477,0.00980391
668826,264.477,0.00999204
668825,264.477,0.00999204
668824,264.477,0.0141885
668823,264.477,0.0141885
668822,264.478,0.0115616
668839,264.584,0.0115616
668838,264.584,0.00317604
668837,264.584,0.00317604
668836,264.584,0.0103138
668835,264.584,0.0103138
668833,264.584,0.00246149
668832,264.585,0.00246149
668831,264.585,0.0096081
668830,264.585,0.0096081
668829,264.585,0.0266267
668828,264.585,0.0266267
668826,264.585,0.00882271
668825,264.585,0.00882271
668824,264.585,0.0110718
668823,264.585,0.0110718
668822,264.585,0.0105039
668839,264.691,0.0105039
668838,264.691,0.0112625
668837,264.692,0.0112625
668836,264.692,0.0597364
668835,264.692,0.0597364
668833,264.692,0.0128943
668832,264.692,0.0128943
668831,264.692,0.0113287
668830,264.692,0.0113287
668829,264.692,0.00569297
668828,264.692,0.00569297
668826,264.692,0.0100219
668825,264.692,0.0100219
668824,264.692,0.0100402
668823,264.692,0.0100402
668822,264.692,0.00502674
668839,264.798,0.00502674
668838,264.798,0.0066063
668837,264.799,0.0066063
668836,264.799,0.0048914
668835,264.799,0.0048914
668833,264.799,0.0591764
668832,264.799,0.0591764
668831,264.799,0.0927951
668830,264.799,0.0927951
668829,264.799,0.00611791
668828,264.799,0.00611791
668826,264.799,0.0111309
668825,264.799,0.0111309
668824,264.799,0.00901237
668823,264.799,0.00901237
668822,264.799,0.00819383
668839,264.906,0.00819383
668838,264.906,0.0064171
668837,264.906,0.0064171
668836,264.906,0.0948292
668835,264.906,0.0948292
668833,264.906,0.00958549
668832,264.906,0.00958549
668831,264.906,0.00257651
668830,264.906,0.00257651
668829,264.906,0.0102276
668828,264.906,0.0102276
668826,264.907,0.0100819
668825,264.907,0.0100819
668824,264.907,0.0125194
668823,264.907,0.0125194
668822,264.907,0.0103324
668839,265.013,0.0103324
668838,265.013,0.0126411
668837,265.013,0.0126411
668836,265.013,0.0118206
668835,265.013,0.0118206
668833,265.013,0.0103044
668832,265.013,0.0103044
668831,265.014,0.0103103
668830,265.014,0.0103103
668829,265.014,0.023588
668828,265.014,0.023588
668826,265.014,0.010468
668825,265.014,0.010468
668824,265.014,0.0142786
668823,265.014,0.0142786
668822,265.014,0.0602174
668839,265.12,0.0602174
668838,265.12,0.0101148
668837,265.121,0.0101148
668836,265.121,0.00514112
668835,265.121,0.00514112
668833,265.121,0.0125698
668832,265.121,0.0125698
668831,265.121,0.0107827
668830,265.121,0.0107827
668829,265.121,0.0118407
668828,265.121,0.0118407
668826,265.121,0.00946252
668825,265.121,0.00946252
668824,265.121,0.0126705
668823,265.121,0.0126705
668822,265.121,0.0124191
668839,265.228,0.0124191
668838,265.228,0.0211974
668837,265.228,0.0211974
668836,265.228,0.056766
668835,265.228,0.056766
668833,265.228,0.0637218
668832,265.228,0.0637218
668831,265.228,0.0663526
668830,265.228,0.0663526
668829,265.228,0.0620471
668828,265.228,0.0620471
668826,265.228,0.0119397
668825,265.228,0.0119397
668824,265.228,0.0697759
668823,265.228,0.0697759
668822,265.228,0.0098034
668839,265.335,0.0098034
668838,265.335,0.0573303
668837,265.335,0.0573303
668836,265.335,0.00451893
668835,265.335,0.00451893
668833,265.335,0.00960378
668832,265.335,0.00960378
668831,265.335,0.0102296
668830,265.335,0.0102296
668829,265.335,0.0607251
668828,265.335,0.0607251
668826,265.335,0.0750201
668825,265.336,0.0750201
668824,265.336,0.0593416
668823,265.336,0.0593416
668822,265.336,0.00369088
668839,265.442,0.00369088
668838,265.442,0.0130367
668837,265.442,0.0130367
668836,265.442,0.016614
668835,265.442,0.016614
668833,265.442,0.0537856
668832,265.442,0.0537856
668831,265.443,0.00685977
668830,265.443,0.00685977
668829,265.443,0.00817255
668828,265.443,0.00817255
668826,265.443,0.0102551
668825,265.443,0.0102551
668824,265.443,0.082905
668823,265.443,0.082905
668822,265.443,0.0199682
668839,265.549,0.0199682
668838,265.549,0.0540795
668837,265.549,0.0540795
668836,265.549,0.00491163
668835,265.549,0.00491163
668833,265.549,0.0118083
668832,265.549,0.0118083
668831,265.55,0.0102836
668830,265.55,0.0102836
668829,265.55,0.00817929
668828,265.55,0.00817929
668826,265.55,0.0580415
668825,265.55,0.0580415
668824,265.55,0.0161761
668823,265.55,0.0161761
668822,265.55,0.00440103
668839,265.657,0.00440103
668838,265.657,0.0102271
668837,265.657,0.0102271
668836,265.657,0.0101465
668835,265.657,0.0101465
668833,265.657,0.0070831
668832,265.657,0.0070831
668831,265.657,0.0139149
668830,265.657,0.0139149
668829,265.657,0.0170272
668828,265.657,0.0170272
668826,265.657,0.0140103
668825,265.658,0.0140103
668824,265.658,0.0113605
668823,265.658,0.0113605
668822,265.658,0.0117127
668839,265.764,0.0117127
668838,265.764,0.0501988
668837,265.764,0.0501988
668836,265.764,0.00549668
668835,265.764,0.00549668
668833,265.764,0.00193952
668832,265.764,0.00193952
668831,265.765,0.00497396
668830,265.765,0.00497396
668829,265.765,0.00834634
668828,265.765,0.00834634
668826,265.765,0.0567455
668825,265.765,0.0567455
668824,265.765,0.051238
668823,265.765,0.051238
668822,265.765,0.0103007
668839,265.871,0.0103007
668838,265.871,0.010765
668837,265.871,0.010765
668836,265.871,0.018604
668835,265.871,0.018604
668833,265.871,0.00162784
668832,265.871,0.00162784
668831,265.871,0.0969178
668830,265.871,0.0969178
668829,265.871,0.0465533
668828,265.871,0.0465533
668826,265.871,0.00198287
668825,265.872,0.00198287
668824,265.872,0.0464314
668823,265.872,0.0464314
668822,265.872,0.0235425
668839,265.978,0.0235425
668838,265.978,0.00867376
668837,265.978,0.00867376
668836,265.978,0.0569078
668835,265.978,0.0569078
668833,265.978,0.00717096
668832,265.978,0.00717096
668831,265.978,0.00403251
668830,265.979,0.00403251
668829,265.979,0.0213893
668828,265.979,0.0213893
668826,265.979,0.030384
668825,265.979,0.030384
668824,265.979,0.00885494
668823,265.979,0.00885494
668822,265.979,0.042201
668839,266.086,0.042201
668838,266.086,0.00927451
668837,266.086,0.00927451
668836,266.086,0.00817522
668835,266.086,0.00817522
668833,266.086,0.0152527
668832,266.086,0.0152527
668831,266.086,0.0411297
668830,266.086,0.0411297
668829,266.086,0.00641901
668828,266.086,0.00641901
668826,266.086,0.0372893
668825,266.086,0.0372893
668824,266.086,0.0569244
668823,266.086,0.0569244
668822,266.086,0.0218559
668839,266.193,0.0218559
668838,266.193,0.0777816
668837,266.193,0.0777816
668836,266.193,0.0749718
668835,266.193,0.0749718
668833,266.193,0.0815121
668832,266.193,0.0815121
668831,266.193,0.0719473
668830,266.193,0.0719473
668829,266.193,0.084421
668828,266.193,0.084421
668826,266.193,0.0187197
668825,266.194,0.0187197
668824,266.194,0.00485249
668823,266.194,0.00485249
668822,266.194,0.068808
668839,266.3,0.068808
668838,266.3,0.0062953
668837,266.3,0.0062953
668836,266.3,0.0891053
668835,266.3,0.0891053
668833,266.3,0.00274583
668832,266.3,0.00274583
668831,266.3,0.0368816
668830,266.3,0.0368816
668829,266.3,0.0657018
668828,266.3,0.0657018
668826,266.3,0.0350627
668825,266.301,0.0350627
668824,266.301,0.00539732
668823,266.301,0.00539732
668822,266.301,0.0935345
668839,266.407,0.0935345
668838,266.407,0.0603352
668837,266.407,0.0603352
668836,266.408,0.062291
668835,266.408,0.062291
668833,266.408,0.0187719
668832,266.408,0.0187719
668831,266.408,0.00287087
668830,266.408,0.00287087
668829,266.408,0.00510508
668828,266.408,0.00510508
668826,266.408,0.060313
668825,266.408,0.060313
668824,266.408,0.00728464
668823,266.408,0.00728464
668822,266.408,0.00299828
668839,266.514,0.00299828
668838,266.514,0.00684851
668837,266.514,0.00684851
668836,266.515,0.0526196
668835,266.515,0.0526196
668833,266.515,0.0027901
668832,266.515,0.0027901
668831,266.515,0.00134088
668830,266.515,0.00134088
668829,266.515,0.0153799
668828,266.515,0.0153799
668826,266.515,0.0578511
668825,266.515,0.0578511
668824,266.515,0.0399245
668823,266.515,0.0399245
668822,266.515,0.0297863
668839,266.622,0.0297863
668838,266.622,0.0435261
668837,266.622,0.0435261
668836,266.622,0.0516434
668835,266.622,0.0516434
668833,266.622,0.0275605
668832,266.622,0.0275605
668831,266.622,0.00391765
668830,266.622,0.00391765
668829,266.622,0.0566778
668828,266.622,0.0566778
668826,266.622,0.0478357
668825,266.622,0.0478357
668824,266.623,0.0145144
668823,266.623,0.0145144
668822,266.623,0.0570381
668839,266.729,0.0570381
668838,266.729,0.040472
668837,266.729,0.040472
668836,266.729,0.00250418
668835,266.73,0.00250418
668833,266.73,0.0438565
668832,266.73,0.0438565
668831,266.73,0.00241015
668830,266.73,0.00241015
668829,266.73,0.0515509
668828,266.73,0.0515509
668826,266.73,0.0549742
668825,266.73,0.0549742
668824,266.73,0.0045792
668823,266.73,0.0045792
668822,266.73,0.0297556
668839,266.836,0.0297556
668838,266.836,0.0389972
668837,266.836,0.0389972
668836,266.836,0.0103862
668835,266.837,0.0103862
668833,266.837,0.0478215
668832,266.837,0.0478215
668831,266.837,0.06574
668830,266.837,0.06574
668829,266.837,0.070074
668828,266.837,0.070074
668826,266.837,0.0623371
668825,266.837,0.0623371
668824,266.837,0.0721763
668823,266.837,0.0721763
668822,266.837,0.0753951
668839,266.943,0.0753951
668838,266.943,0.0576722
668837,266.943,0.0576722
668836,266.943,0.0781003
668835,266.944,0.0781003
668833,266.944,0.0519425
668832,266.944,0.0519425
668831,266.944,0.00727526
668830,266.944,0.00727526
668829,266.944,0.0452771
668828,266.944,0.0452771
668826,266.944,0.0831073
668825,266.944,0.0831073
668824,266.944,0.00305587
668823,266.944,0.00305587
668822,266.944,0.048229
668839,267.051,0.048229
668838,267.051,0.0876379
668837,267.051,0.0876379
668836,267.051,0.0328703
668835,267.051,0.0328703
668833,267.051,0.0941879
668832,267.051,0.0941879
668831,267.051,0.0183163
668830,267.051,0.0183163
668829,267.051,0.0444496
668828,267.051,0.0444496
668826,267.051,0.0410565
668825,267.051,0.0410565
668824,267.052,0.00171013
668823,267.052,0.00171013
668822,267.052,0.0416933
668839,267.158,0.0416933
668838,267.158,0.0163516
668837,267.158,0.0163516
668836,267.158,0.100049
668835,267.158,0.100049
668833,267.158,0.00367508
668832,267.158,0.00367508
668831,267.158,0.104953
668830,267.158,0.104953
668829,267.159,0.0383029
668828,267.159,0.0383029
668826,267.159,0.0359036
668825,267.159,0.0359036
668824,267.159,0.0342572
668823,267.159,0.0342572
668822,267.159,0.024041
668839,267.265,0.024041
668838,267.265,0.00281902
668837,267.265,0.00281902
668836,267.265,0.022275
668835,267.266,0.022275
668833,267.266,0.0291652
668832,267.266,0.0291652
668831,267.266,0.00247299
668830,267.266,0.00247299
668829,267.266,0.0292713
668828,267.266,0.0292713
668826,267.266,0.00660735
668825,267.266,0.00660735
668824,267.266,0.0159283
668823,267.266,0.0159283
668822,267.266,0.00166698
668839,267.373,0.00166698
668838,267.373,0.0224409
668837,267.373,0.0224409
668836,267.373,0.0197661
668835,267.373,0.0197661
668833,267.373,0.00140097
668832,267.373,0.00140097
668831,267.373,0.0184927
668830,267.373,0.0184927
668829,267.373,0.0576579
668828,267.373,0.0576579
668826,267.373,0.0621533
668825,267.373,0.0621533
668824,267.373,0.0550508
668823,267.373,0.0550508
668822,267.373,0.0527373
668839,267.48,0.0527373
668838,267.48,0.0669326
668837,267.48,0.0669326
668836,267.48,0.0810176
668835,267.48,0.0810176
668833,267.48,0.0728511
668832,267.48,0.0728511
668831,267.48,0.0524913
668830,267.48,0.0524913
668829,267.48,0.0509283
668828,267.48,0.0509283
668826,267.48,0.0494647
668825,267.48,0.0494647
668824,267.481,0.0466797
668823,267.481,0.0466797
668822,267.481,0.0096705
668839,267.587,0.0096705
668838,267.587,0.0443945
668837,267.587,0.0443945
668836,267.587,0.0343167
668835,267.587,0.0343167
668833,267.587,0.0427829
668832,267.587,0.0427829
668831,267.587,0.0389814
668830,267.587,0.0389814
668829,267.588,0.031397
668828,267.588,0.031397
668826,267.588,0.0280714
668825,267.588,0.0280714
668824,267.588,0.0102174
668823,267.588,0.0102174
668822,267.588,0.0241134
668839,267.694,0.0241134
668838,267.694,0.009523
668837,267.694,0.009523
668836,267.694,0.0189421
668835,267.694,0.0189421
668833,267.695,0.00568117
668832,267.695,0.00568117
668831,267.695,0.0037181
668830,267.695,0.0037181
668829,267.695,0.050858
668828,267.695,0.050858
668826,267.695,0.0488993
668825,267.695,0.0488993
668824,267.695,0.0479781
668823,267.695,0.0479781
668822,267.695,0.0469157
668839,267.802,0.0469157
668838,267.802,0.010109
668837,267.802,0.010109
668836,267.802,0.0535184
668835,267.802,0.0535184
668833,267.802,0.0450901
668832,267.802,0.0450901
668831,267.802,0.0557142
668830,267.802,0.0557142
668829,267.802,0.0451652
668828,267.802,0.0451652
668826,267.802,0.0634758
668825,267.802,0.0634758
668824,267.802,0.0349095
668823,267.802,0.0349095
668822,267.802,0.0687466
668839,267.909,0.0687466
668838,267.909,0.0391122
668837,267.909,0.0391122
668836,267.909,0.0756659
668835,267.909,0.0756659
668833,267.909,0.0313947
668832,267.909,0.0313947
668831,267.909,0.0442107
668830,267.909,0.0442107
668829,267.909,0.0272828
668828,267.909,0.0272828
668826,267.909,0.0025124
668825,267.909,0.0025124
668824,267.909,0.0220703
668823,267.91,0.0220703
668822,267.91,0.014066
668839,268.013,0.014066
668838,268.013,0.0532662
668837,268.014,0.0532662
668836,268.014,0.0156475
668835,268.014,0.0156475
668833,268.014,0.0167065
668832,268.014,0.0167065
668831,268.014,0.0139164
668830,268.014,0.0139164
668829,268.014,0.0180209
668828,268.015,0.0180209
668826,268.015,0.0169737
668825,268.015,0.0169737
668824,268.015,0.0457479
668823,268.015,0.0457479
668822,268.015,0.0166749
668839,268.104,0.0166749
668838,268.104,0.032712
668837,268.104,0.032712
668836,268.104,0.0144305
668835,268.105,0.0144305
668833,268.105,0.0124162
668832,268.105,0.0124162
668831,268.105,0.0377184
668830,268.105,0.0377184
668829,268.105,0.0414807
668828,268.105,0.0414807
668826,268.105,0.0133561
668825,268.106,0.0133561
668824,268.106,0.0159726
668823,268.106,0.0159726
668822,268.106,0.0323816
668822,261.689,0.0323816
668820,261.689,0.0124202
668819,261.69,0.0124202
668818,261.69,0.0144094
668817,261.69,0.0144094
668816,261.69,0.0153625
668815,261.69,0.0153625
668813,261.69,0.0315525
668812,261.69,0.0315525
668811,261.69,0.0105208
668810,261.69,0.0105208
668809,261.69,0.0220515
668807,261.69,0.0220515
668806,261.69,0.0181016
668805,261.69,0.0181016
668804,261.69,0.0106864
668803,261.69,0.0106864
668802,261.69,0.0319618
668822,261.797,0.0319618
668820,261.797,0.0189822
668819,261.797,0.0189822
668818,261.797,0.0140824
668817,261.797,0.0140824
668816,261.797,0.0196734
668815,261.797,0.0196734
668813,261.797,0.0111977
668812,261.797,0.0111977
668811,261.797,0.0122989
668810,261.797,0.0122989
668809,261.797,0.00774701
668807,261.797,0.00774701
668806,261.797,0.0117149
668805,261.797,0.0117149
668804,261.797,0.0324809
668803,261.798,0.0324809
668802,261.798,0.0170539
668822,261.904,0.0170539
668820,261.904,0.0143234
668819,261.904,0.0143234
668818,261.904,0.00821644
668817,261.904,0.00821644
668816,261.904,0.0183462
668815,261.904,0.0183462
668813,261.904,0.0100677
668812,261.904,0.0100677
668811,261.904,0.0335256
668810,261.904,0.0335256
668809,261.904,0.0316707
668807,261.905,0.0316707
668806,261.905,0.0129034
668805,261.905,0.0129034
668804,261.905,0.0162208
668803,261.905,0.0162208
668802,261.905,0.0100082
668822,262.011,0.0100082
668820,262.011,0.0195996
668819,262.011,0.0195996
668818,262.011,0.00894162
668817,262.011,0.00894162
668816,262.011,0.0287463
668815,262.011,0.0287463
668813,262.012,0.018019
668812,262.012,0.018019
668811,262.012,0.0120167
668810,262.012,0.0120167
668809,262.012,0.0334698
668807,262.012,0.0334698
668806,262.012,0.0202293
668805,262.012,0.0202293
668804,262.012,0.0218192
668803,262.012,0.0218192
668802,262.012,0.0253435
668822,262.118,0.0253435
668820,262.118,0.0194483
668819,262.118,0.0194483
668818,262.119,0.00745911
668817,262.119,0.00745911
668816,262.119,0.0155938
668815,262.119,0.0155938
668813,262.119,0.0211264
668812,262.119,0.0211264
668811,262.119,0.0189936
668810,262.119,0.0189936
668809,262.119,0.0210718
668807,262.119,0.0210718
668806,262.119,0.0229281
668805,262.119,0.0229281
668804,262.119,0.0140574
668803,262.119,0.0140574
668802,262.119,0.0254028
668822,262.226,0.0254028
668820,262.226,0.0336712
668819,262.226,0.0336712
668818,262.226,0.0145967
668817,262.226,0.0145967
668816,262.226,0.00636624
668815,262.226,0.00636624
668813,262.226,0.0121399
668812,262.226,0.0121399
668811,262.226,0.0293909
668810,262.226,0.0293909
668809,262.226,0.0202283
668807,262.226,0.0202283
668806,262.226,0.00513308
668805,262.226,0.00513308
668804,262.226,0.0176868
668803,262.227,0.0176868
668802,262.227,0.0148668
668822,262.333,0.0148668
668820,262.333,0.0170806
668819,262.333,0.0170806
668818,262.333,0.0135014
668817,262.333,0.0135014
668816,262.333,0.0240638
668815,262.333,0.0240638
668813,262.333,0.0230354
668812,262.333,0.0230354
668811,262.333,0.0135493
668810,262.333,0.0135493
668809,262.333,0.00942197
668807,262.334,0.00942197
668806,262.334,0.0121044
668805,262.334,0.0121044
668804,262.334,0.0112082
668803,262.334,0.0112082
668802,262.334,0.0271079
668822,262.44,0.0271079
668820,262.44,0.0144763
668819,262.44,0.0144763
668818,262.44,0.00303944
668817,262.44,0.00303944
668816,262.44,0.0106661
668815,262.44,0.0106661
668813,262.44,0.00961207
668812,262.441,0.00961207
668811,262.441,0.0191863
668810,262.441,0.0191863
668809,262.441,0.0311189
668807,262.441,0.0311189
668806,262.441,0.00873758
668805,262.441,0.00873758
668804,262.441,0.00734131
668803,262.441,0.00734131
668802,262.441,0.0150059
668822,262.547,0.0150059
668820,262.547,0.0130789
668819,262.547,0.0130789
668818,262.547,0.00554624
668817,262.547,0.00554624
668816,262.547,0.0065725
668815,262.547,0.0065725
668813,262.547,0.0149428
668812,262.548,0.0149428
668811,262.548,0.00398971
668810,262.548,0.00398971
668809,262.548,0.0104049
668807,262.548,0.0104049
668806,262.548,0.00299254
668805,262.548,0.00299254
668804,262.548,0.0054793
668803,262.548,0.0054793
668802,262.548,0.00225927
668822,262.655,0.00225927
668820,262.655,0.00216494
668819,262.655,0.00216494
668818,262.655,0.00950675
668817,262.655,0.00950675
668816,262.655,0.0150717
668815,262.655,0.0150717
668813,262.655,0.0147619
668812,262.655,0.0147619
668811,262.655,0.000405072
668810,262.655,0.000405072
668809,262.655,0.00410063
668807,262.655,0.00410063
668806,262.655,0.0136966
668805,262.655,0.0136966
668804,262.655,0.002841
668803,262.655,0.002841
668802,262.656,0.0120827
668822,262.762,0.0120827
668820,262.762,0.0099088
668819,262.762,0.0099088
668818,262.762,0.00629673
668817,262.762,0.00629673
668816,262.762,0.000102485
668815,262.762,0.000102485
668813,262.762,0.000107547
668812,262.762,0.000107547
668811,262.762,5.20E-09
668810,262.762,5.20E-09
